{
	"releaseDate" : "2018-02-27_18-00",
	"previousReleaseDate" : "2018-01-23_16-00",
	"previousReleaseLink" : "https://raw.githubusercontent.com/DSATool/CharGenPlugin/master/release/CharGen_2018-01-23_16-00.zip",
	"updateInfo" : "https://raw.githubusercontent.com/DSATool/CharGenPlugin/master/release/update-info.json",
	"signatureProviderName" : "SunEC",
	"signatureKeyAlgorithm" : "EC",
	"signatureAlgorithm" : "SHA512withECDSA",
	"signatureKey" : "MFkwEwYHKoZIzj0CAQYIKoZIzj0DAQcDQgAE6ONDgSdt/2wQ/juK2CHec8jUYoB9UlA34e9GAsXSud5fQxlbLxi7jnBltBXdqD3DzKJb3TPPbv5ONvZaBG/9GA=="
}